{
	 "rootnode": {
		 "name": "RootNode"
		,"transformation": [
			 1
			,0
			,0
			,0
			,0
			,1
			,0
			,0
			,0
			,0
			,1
			,0
			,0
			,0
			,0
			,1
		]
		,"children": [
			{
				 "name": "Cube"
				,"transformation": [
					 100
					,0
					,0
					,0
					,0
					,-1.62921e-05
					,100
					,0
					,0
					,-100
					,-1.62921e-05
					,0
					,0
					,0
					,0
					,1
				]
				,"meshes": [
					 0
				]
			}
		]
	}
	,"flags": 8
	,"meshes": [
		{
			 "name": "Cube"
			,"materialindex": 0
			,"primitivetypes": 4
			,"vertices": [
				 1
				,1
				,-0.0614553
				,1
				,-1
				,-0.0614553
				,-1
				,-1
				,-0.0614553
				,-1
				,1
				,-0.0614553
				,-1
				,1
				,1.93854
				,-1
				,-1
				,1.93854
				,-0.217072
				,-0.217072
				,2.24674
				,-0.217072
				,0.217072
				,2.24674
				,1
				,1
				,-0.0614553
				,1
				,0.999999
				,1.93854
				,0.999999
				,-1
				,1.93854
				,1
				,-1
				,-0.0614553
				,1
				,-1
				,-0.0614553
				,0.999999
				,-1
				,1.93854
				,-1
				,-1
				,1.93854
				,-1
				,-1
				,-0.0614553
				,-1
				,-1
				,-0.0614553
				,-1
				,-1
				,1.93854
				,-1
				,1
				,1.93854
				,-1
				,1
				,-0.0614553
				,1
				,0.999999
				,1.93854
				,1
				,1
				,-0.0614553
				,-1
				,1
				,-0.0614553
				,-1
				,1
				,1.93854
				,-0.217072
				,0.217072
				,2.24674
				,-0.217072
				,-0.217072
				,2.24674
				,-0.217072
				,-0.217072
				,2.60511
				,-0.217072
				,0.217072
				,2.60511
				,1
				,0.999999
				,1.93854
				,-1
				,1
				,1.93854
				,-0.217072
				,0.217072
				,2.24674
				,0.217072
				,0.217072
				,2.24674
				,-1
				,-1
				,1.93854
				,0.999999
				,-1
				,1.93854
				,0.217072
				,-0.217072
				,2.24674
				,-0.217072
				,-0.217072
				,2.24674
				,0.999999
				,-1
				,1.93854
				,1
				,0.999999
				,1.93854
				,0.217072
				,0.217072
				,2.24674
				,0.217072
				,-0.217072
				,2.24674
				,-0.217072
				,-0.217072
				,2.60511
				,0.217072
				,-0.217072
				,2.60511
				,1.00457
				,-1.05503
				,2.62691
				,-1.0812
				,-1.05503
				,2.62691
				,0.217072
				,0.217072
				,2.24674
				,-0.217072
				,0.217072
				,2.24674
				,-0.217072
				,0.217072
				,2.60511
				,0.217072
				,0.217072
				,2.60511
				,-0.217072
				,-0.217072
				,2.24674
				,0.217072
				,-0.217072
				,2.24674
				,0.217072
				,-0.217072
				,2.60511
				,-0.217072
				,-0.217072
				,2.60511
				,0.217072
				,-0.217072
				,2.24674
				,0.217072
				,0.217072
				,2.24674
				,0.217072
				,0.217072
				,2.60511
				,0.217072
				,-0.217072
				,2.60511
				,1.00457
				,-1.05503
				,2.62691
				,1.00458
				,1.03075
				,2.62691
				,1.00458
				,1.03075
				,3.75813
				,1.00457
				,-1.05503
				,3.75813
				,0.217072
				,-0.217072
				,2.60511
				,0.217072
				,0.217072
				,2.60511
				,1.00458
				,1.03075
				,2.62691
				,1.00457
				,-1.05503
				,2.62691
				,-0.217072
				,0.217072
				,2.60511
				,-0.217072
				,-0.217072
				,2.60511
				,-1.0812
				,-1.05503
				,2.62691
				,-1.0812
				,1.03075
				,2.62691
				,0.217072
				,0.217072
				,2.60511
				,-0.217072
				,0.217072
				,2.60511
				,-1.0812
				,1.03075
				,2.62691
				,1.00458
				,1.03075
				,2.62691
				,1.00458
				,1.03075
				,3.75813
				,-1.0812
				,1.03075
				,3.75813
				,-1.0812
				,-1.05503
				,3.75813
				,1.00457
				,-1.05503
				,3.75813
				,-1.0812
				,1.03075
				,2.62691
				,-1.0812
				,-1.05503
				,2.62691
				,-1.0812
				,-1.05503
				,3.75813
				,-1.0812
				,1.03075
				,3.75813
				,1.00458
				,1.03075
				,2.62691
				,-1.0812
				,1.03075
				,2.62691
				,-1.0812
				,1.03075
				,3.75813
				,1.00458
				,1.03075
				,3.75813
				,-1.0812
				,-1.05503
				,2.62691
				,1.00457
				,-1.05503
				,2.62691
				,1.00457
				,-1.05503
				,3.75813
				,-1.0812
				,-1.05503
				,3.75813
			]
			,"normals": [
				 0
				,0
				,-1
				,0
				,0
				,-1
				,0
				,0
				,-1
				,0
				,0
				,-1
				,-0.366285
				,8.73074e-08
				,0.930503
				,-0.366285
				,8.73074e-08
				,0.930503
				,-0.366285
				,8.73074e-08
				,0.930503
				,-0.366285
				,8.73074e-08
				,0.930503
				,1
				,-2.98023e-07
				,4.47034e-08
				,1
				,-2.98023e-07
				,4.47034e-08
				,1
				,-2.98023e-07
				,4.47034e-08
				,1
				,-2.98023e-07
				,4.47034e-08
				,-2.83122e-07
				,-1
				,-1.78814e-07
				,-2.83122e-07
				,-1
				,-1.78814e-07
				,-2.83122e-07
				,-1
				,-1.78814e-07
				,-2.83122e-07
				,-1
				,-1.78814e-07
				,-1
				,2.38419e-07
				,-1.3411e-07
				,-1
				,2.38419e-07
				,-1.3411e-07
				,-1
				,2.38419e-07
				,-1.3411e-07
				,-1
				,2.38419e-07
				,-1.3411e-07
				,2.38419e-07
				,1
				,1.63913e-07
				,2.38419e-07
				,1
				,1.63913e-07
				,2.38419e-07
				,1
				,1.63913e-07
				,2.38419e-07
				,1
				,1.63913e-07
				,-1
				,2.87321e-07
				,0
				,-1
				,2.87321e-07
				,0
				,-1
				,2.87321e-07
				,0
				,-1
				,2.87321e-07
				,0
				,1.45133e-07
				,0.366284
				,0.930503
				,1.45133e-07
				,0.366284
				,0.930503
				,1.45133e-07
				,0.366284
				,0.930503
				,1.45133e-07
				,0.366284
				,0.930503
				,-1.59494e-07
				,-0.366285
				,0.930503
				,-1.59494e-07
				,-0.366285
				,0.930503
				,-1.59494e-07
				,-0.366285
				,0.930503
				,-1.59494e-07
				,-0.366285
				,0.930503
				,0.366285
				,-2.18268e-07
				,0.930503
				,0.366285
				,-2.18268e-07
				,0.930503
				,0.366285
				,-2.18268e-07
				,0.930503
				,0.366285
				,-2.18268e-07
				,0.930503
				,-4.38334e-08
				,-0.0259973
				,-0.999662
				,-4.38334e-08
				,-0.0259973
				,-0.999662
				,-4.38334e-08
				,-0.0259973
				,-0.999662
				,-4.38334e-08
				,-0.0259973
				,-0.999662
				,2.74585e-07
				,1
				,0
				,2.74585e-07
				,1
				,0
				,2.74585e-07
				,1
				,0
				,2.74585e-07
				,1
				,0
				,-4.11877e-07
				,-1
				,0
				,-4.11877e-07
				,-1
				,0
				,-4.11877e-07
				,-1
				,0
				,-4.11877e-07
				,-1
				,0
				,1
				,-5.26756e-07
				,0
				,1
				,-5.26756e-07
				,0
				,1
				,-5.26756e-07
				,0
				,1
				,-5.26756e-07
				,0
				,1
				,-5.55759e-07
				,0
				,1
				,-5.55759e-07
				,0
				,1
				,-5.55759e-07
				,0
				,1
				,-5.55759e-07
				,0
				,0.0276614
				,-1.50122e-08
				,-0.999617
				,0.0276614
				,-1.50122e-08
				,-0.999617
				,0.0276614
				,-1.50122e-08
				,-0.999617
				,0.0276614
				,-1.50122e-08
				,-0.999617
				,-0.0252103
				,5.98587e-09
				,-0.999682
				,-0.0252103
				,5.98587e-09
				,-0.999682
				,-0.0252103
				,5.98587e-09
				,-0.999682
				,-0.0252103
				,5.98587e-09
				,-0.999682
				,1.31876e-07
				,0.0267725
				,-0.999641
				,1.31876e-07
				,0.0267725
				,-0.999641
				,1.31876e-07
				,0.0267725
				,-0.999641
				,1.31876e-07
				,0.0267725
				,-0.999641
				,-4.63929e-08
				,0
				,1
				,-4.63929e-08
				,0
				,1
				,-4.63929e-08
				,0
				,1
				,-4.63929e-08
				,0
				,1
				,-1
				,2.52618e-07
				,0
				,-1
				,2.52618e-07
				,0
				,-1
				,2.52618e-07
				,0
				,-1
				,2.52618e-07
				,0
				,2.85768e-07
				,1
				,0
				,2.85768e-07
				,1
				,0
				,2.85768e-07
				,1
				,0
				,2.85768e-07
				,1
				,0
				,-4.00075e-07
				,-1
				,0
				,-4.00075e-07
				,-1
				,0
				,-4.00075e-07
				,-1
				,0
				,-4.00075e-07
				,-1
				,0
			]
			,