{
	 "rootnode": {
		 "name": "RootNode"
		,"transformation": [
			 1
			,0
			,0
			,0
			,0
			,1
			,0
			,0
			,0
			,0
			,1
			,0
			,0
			,0
			,0
			,1
		]
		,"children": [
			{
				 "name": "Cube"
				,"transformation": [
					 1100
					,0
					,0
					,0
					,0
					,-0.000179213
					,1100
					,0
					,0
					,-1100
					,-0.000179213
					,0
					,0
					,0
					,0
					,1
				]
				,"meshes": [
					 0
				]
			}
		]
	}
	,"flags": 8
	,"meshes": [
		{
			 "name": "Cube"
			,"materialindex": 0
			,"primitivetypes": 4
			,"vertices": [
				 1
				,1
				,-1
				,1
				,-1
				,-1
				,-1
				,-1
				,-1
				,-1
				,1
				,-1
				,1
				,1
				,-1
				,1
				,0.999999
				,1
				,0.999999
				,-1
				,1
				,1
				,-1
				,-1
				,1
				,-1
				,-1
				,0.999999
				,-1
				,1
				,-1
				,-1
				,1
				,-1
				,-1
				,-1
				,-1
				,-1
				,-1
				,-1
				,-1
				,1
				,-1
				,1
				,1
				,-1
				,1
				,-1
				,1
				,0.999999
				,1
				,1
				,1
				,-1
				,-1
				,1
				,-1
				,-1
				,1
				,1
			]
			,"normals": [
				 0
				,0
				,-1
				,0
				,0
				,-1
				,0
				,0
				,-1
				,0
				,0
				,-1
				,1
				,-2.98023e-07
				,4.47034e-08
				,1
				,-2.98023e-07
				,4.47034e-08
				,1
				,-2.98023e-07
				,4.47034e-08
				,1
				,-2.98023e-07
				,4.47034e-08
				,-2.83122e-07
				,-1
				,-1.78814e-07
				,-2.83122e-07
				,-1
				,-1.78814e-07
				,-2.83122e-07
				,-1
				,-1.78814e-07
				,-2.83122e-07
				,-1
				,-1.78814e-07
				,-1
				,2.38419e-07
				,-1.3411e-07
				,-1
				,2.38419e-07
				,-1.3411e-07
				,-1
				,2.38419e-07
				,-1.3411e-07
				,-1
				,2.38419e-07
				,-1.3411e-07
				,2.38419e-07
				,1
				,1.63913e-07
				,2.38419e-07
				,1
				,1.63913e-07
				,2.38419e-07
				,1
				,1.63913e-07
				,2.38419e-07
				,1
				,1.63913e-07
			]
			,"tangents": [
				 -0.707106
				,0.707107
				,0
				,-0.707106
				,0.707107
				,0
				,-0.707106
				,0.707107
				,0
				,-0.707106
				,0.707107
				,0
				,2.42344e-07
				,0.707107
				,-0.707106
				,2.42344e-07
				,0.707107
				,-0.707106
				,2.42344e-07
				,0.707107
				,-0.707106
				,2.42344e-07
				,0.707107
				,-0.707106
				,-0.707106
				,3.26638e-07
				,-0.707107
				,-0.707106
				,3.26638e-07
				,-0.707107
				,-0.707106
				,3.26638e-07
				,-0.707107
				,-0.707106
				,3.26638e-07
				,-0.707107
				,7.37571e-08
				,0.707107
				,0.707107
				,7.37571e-08
				,0.707107
				,0.707107
				,7.37571e-08
				,0.707107
				,0.707107
				,7.37571e-08
				,0.707107
				,0.707107
				,-0.707106
				,5.26833e-08
				,0.707107
				,-0.707106
				,5.26834e-08
				,0.707107
				,-0.707106
				,5.26833e-08
				,0.707107
				,-0.707106
				,5.26833e-08
				,0.707107
			]
			,"bitangents": [
				 -0.707107
				,-0.707106
				,0
				,-0.707107
				,-0.707106
				,0
				,-0.707107
				,-0.707106
				,0
				,-0.707107
				,-0.707106
				,0
				,-1.79124e-07
				,-0.707106
				,-0.707107
				,-1.79124e-07
				,-0.707106
				,-0.707107
				,-1.79124e-07
				,-0.707106
				,-0.707107
				,-1.79124e-07
				,-0.707106
				,-0.707107
				,-0.707107
				,7.37572e-08
				,0.707106
				,-0.707107
				,7.37572e-08
				,0.707106
				,-0.707107
				,7.37572e-08
				,0.707106
				,-0.707107
				,7.37572e-08
				,0.707106
				,-2.63418e-07
				,-0.707107
				,0.707107
				,-2.63418e-07
				,-0.707107
				,0.707107
				,-2.63418e-07
				,-0.707107
				,0.707107
				,-2.63418e-07
				,-0.707107
				,0.707107
				,-0.707107
				,2.84491e-07
				,-0.707106
				,-0.707107
				,2.84491e-07
				,-0.707106
				,-0.707107
				,2.84491e-07
				,-0.707106
				,-0.707107
				,2.84491e-07
				,-0.707106
			]
			,"numuvcomponents": [
				 2
			]
			,"texturecoords": [
				[
					 0.5
					,0.74995
					,0.25005
					,0.5
					,0.5
					,0.25005
					,0.74995
					,0.5
					,0.5
					,0.74995
					,0.25005
					,0.9999
					,0.000100064
					,0.74995
					,0.25005
					,0.5
					,0.25005
					,0.5
					,9.998e-05
					,0.25005
					,0.25005
					,0.000100149
					,0.5
					,0.25005
					,0.5
					,0.25005
					,0.74995
					,9.998e-05
					,0.9999
					,0.25005
					,0.74995
					,0.5
					,0.74995
					,0.9999
					,0.5
					,0.74995
					,0.74995
					,0.5
					,0.9999
					,0.74995
				]
			]
			,"faces": [
				[
					 0
					,1
					,2
				]
				,[
					 0
					,2
					,3
				]
				,[
					 4
					,5
					,6
				]
				,[
					 4
					,6
					,7
				]
				,[
					 8
					,9
					,10
				]
				,[
					 8
					,10
					,11
				]
				,[
					 12
					,13
					,14
				]
				,[
					 12
					,14
					,15
				]
				,[
					 16
					,17
					,18
				]
				,[
					 16
					,18
					,19
				]
			]
		}
	]
	,"materials": [
		{
			 "properties": [
				{
					 "key": "?mat.name"
					,"semantic": 0
					,"index": 0
					,"type": 3
					,"value": "Material"
				}
				,{
					 "key": "$clr.diffuse"
					,"semantic": 0
					,"index": 0
					,"type": 1
					,"value": [
						 0.64
						,0.64
						,0.64
					]
				}
				,{
					 "key": "$clr.emissive"
					,"semantic": 0
					,"index": 0
					,"type": 1
					,"value": [
						 0
						,0
						,0
					]
				}
				,{
					 "key": "$clr.ambient"
					,"semantic": 0
					,"index": 0
					,"type": 1
					,"value": [
						 0
						,0
						,0
					]
				}
				,{
					 "key": "$clr.specular"
					,"semantic": 0
					,"index": 0
					,"type": 1
					,"value": [
						 0.25
						,0.25
						,0.25
					]
				}
				,{
					 "key": "$mat.shinpercent"
					,"semantic": 0
					,"index": 0
					,"type": 1
					,"value": 9.60784
				}
				,{
					 "key": "$mat.shininess"
					,"semantic": 0
					,"index": 0
					,"type": 1
					,"value": 9.60784
				}
			]
		}
	]
}
